"Timestamp","Id","Description","Book ids"
"2021/01/29 8:52:40 AM PST","KK-01","kakatua 1","P75AZ, QUVKO, UURUQ, UOUIE, EPQUH, IEALQ, RO64A, A5STI"
"2021/01/29 8:53:06 AM PST","KK-02","Kakatua two","PUDHH, OUAU1, TU8AE, EAGMO, QW3UH, 0XYAA, 9ER8T, KHRRY"
"2021/01/29 8:53:28 AM PST","KK-03","kakatua three","SEIG5, QSEL4, EZAPA, 4NOWA, ZBTEQ, A3ASJ, 4EMFE, JSKRS"
"2021/01/29 8:53:57 AM PST","KK-04","kakatua four","3R31K, OAVOA, UEKAU, AUOUE"
"2021/01/29 8:54:29 AM PST","KK-05","kakatua five","WUY5O, HAR8G, UNJIU, TRAAI"
"2021/01/29 8:55:23 AM PST","KK-06","kakatua six","26WEB, AZ7DE, YEO9T, 0EROO"
"2021/01/29 8:55:55 AM PST","KK-07","kakatua seven","E0UNZ, U24EE, ULDFE, NEU0A"
"2021/01/29 8:58:14 AM PST","KK-08","kakatua eight","REAJ0, E5ZW1,YEO9T, UERRR"
"2021/01/29 8:58:37 AM PST","KK-09","kakatua nine","H15UT, UWE8X, EUUTO, A8UWU, YEO9T"
"2021/01/29 8:59:06 AM PST","KK-10","kakatua 10","6ODAH, NENHO, EWOEG, AO9EO"
